Country,1990,1991,1992,1993,1994,1995,1996,1997,1998,1999,2000,2001,2002,2003,2004,2005,2006,2007,2008,2009,2010,2011,2012,2013,2014,2015,2016,2017,2018,2019,2020,2021,2022,2023,2024,2025,2026,2027,2028,2029,2030
 Afghanistan,,,,,,,,,,,,,0.373,0.383,0.398,0.408,0.417,0.429,0.437,0.453,0.463,0.471,0.482,0.487,0.491,0.493,0.494,0.498,0.518307692,0.526164835,0.534021978,0.541879121,0.549736264,0.557593407,0.565450549,0.573307692,0.581164835,0.589021978,0.596879121,0.604736264,0.612593407
 Albania,0.645,0.626,0.61,0.613,0.619,0.632,0.641,0.641,0.652,0.662,0.669,0.676,0.682,0.689,0.694,0.704,0.711,0.72,0.724,0.729,0.741,0.752,0.767,0.771,0.773,0.776,0.782,0.785,0.799692308,0.806956044,0.81421978,0.821483516,0.828747253,0.836010989,0.843274725,0.850538462,0.857802198,0.865065934,0.87232967,0.879593407,0.886857143
 Algeria,0.577,0.581,0.587,0.591,0.595,0.6,0.608,0.617,0.627,0.636,0.644,0.653,0.664,0.674,0.684,0.692,0.698,0.707,0.709,0.719,0.729,0.736,0.74,0.745,0.747,0.749,0.753,0.754,0.767230769,0.772681319,0.778131868,0.783582418,0.789032967,0.794483516,0.799934066,0.805384615,0.810835165,0.816285714,0.821736264,0.827186813,0.832637363
 Andorra,,,,,,,,,,,0.759,0.767,0.78,0.82,0.826,0.819,0.829,0.829,0.831,0.83,0.828,0.827,0.849,0.85,0.853,0.854,0.856,0.858,0.862384615,0.865659341,0.868934066,0.872208791,0.875483516,0.878758242,0.882032967,0.885307692,0.888582418,0.891857143,0.895131868,0.898406593,0.901681319
 Angola,,,,,,,,,,0.374,0.387,0.401,0.418,0.429,0.442,0.455,0.471,0.492,0.502,0.522,0.52,0.535,0.543,0.554,0.564,0.572,0.577,0.581,0.602115385,0.61243956,0.622763736,0.633087912,0.643412088,0.653736264,0.66406044,0.674384615,0.684708791,0.695032967,0.705357143,0.715681319,0.726005495
 Antigua and Barbuda,,,,,,,,,,,,,,,,0.766,0.772,0.778,0.777,0.77,0.766,0.762,0.765,0.768,0.77,0.775,0.778,0.78,0.774230769,0.774648352,0.775065934,0.775483516,0.775901099,0.776318681,0.776736264,0.777153846,0.777571429,0.777989011,0.778406593,0.778824176,0.779241758
 Argentina,0.704,0.713,0.72,0.725,0.728,0.731,0.738,0.746,0.753,0.764,0.771,0.776,0.769,0.775,0.78,0.782,0.787,0.792,0.795,0.799,0.813,0.819,0.818,0.82,0.82,0.822,0.822,0.825,0.834730769,0.83843956,0.842148352,0.845857143,0.849565934,0.853274725,0.856983516,0.860692308,0.864401099,0.86810989,0.871818681,0.875527473,0.879236264
 Armenia,0.631,0.628,0.58,0.588,0.599,0.605,0.612,0.623,0.636,0.642,0.647,0.652,0.663,0.672,0.68,0.693,0.706,0.72,0.727,0.724,0.728,0.731,0.737,0.742,0.745,0.748,0.749,0.755,0.761846154,0.766230769,0.770615385,0.775,0.779384615,0.783769231,0.788153846,0.792538462,0.796923077,0.801307692,0.805692308,0.810076923,0.814461538
 Australia,0.866,0.867,0.868,0.872,0.875,0.883,0.886,0.889,0.892,0.895,0.898,0.9,0.903,0.904,0.907,0.908,0.911,0.915,0.92,0.921,0.923,0.925,0.929,0.931,0.933,0.936,0.938,0.939,0.943384615,0.945967033,0.948549451,0.951131868,0.953714286,0.956296703,0.958879121,0.961461538,0.964043956,0.966626374,0.969208791,0.971791209,0.974373626
 Austria,0.795,0.8,0.805,0.807,0.813,0.817,0.82,0.824,0.835,0.834,0.838,0.849,0.838,0.842,0.849,0.855,0.861,0.881,0.884,0.886,0.895,0.897,0.899,0.897,0.901,0.903,0.906,0.908,0.917461538,0.921351648,0.925241758,0.929131868,0.933021978,0.936912088,0.940802198,0.944692308,0.948582418,0.952472527,0.956362637,0.960252747,0.964142857
 Azerbaijan,,,,,,0.612,0.612,0.617,0.626,0.633,0.64,0.648,0.657,0.666,0.674,0.679,0.704,0.709,0.719,0.736,0.74,0.741,0.745,0.752,0.758,0.758,0.757,0.757,0.776653846,0.782604396,0.788554945,0.794505495,0.800456044,0.806406593,0.812357143,0.818307692,0.824258242,0.830208791,0.836159341,0.84210989,0.84806044
 Bahrain,0.746,0.752,0.757,0.765,0.769,0.775,0.778,0.779,0.783,0.786,0.792,0.792,0.791,0.793,0.792,0.791,0.793,0.796,0.796,0.794,0.796,0.798,0.8,0.807,0.81,0.832,0.846,0.846,0.839269231,0.843725275,0.848181319,0.852637363,0.857093407,0.861549451,0.866005495,0.870461538,0.874917582,0.879373626,0.88382967,0.888285714,0.892741758
 Bangladesh,0.387,0.394,0.402,0.409,0.417,0.425,0.433,0.442,0.451,0.46,0.468,0.477,0.483,0.49,0.497,0.505,0.513,0.52,0.523,0.535,0.545,0.557,0.567,0.575,0.583,0.592,0.597,0.608,0.617230769,0.626065934,0.634901099,0.643736264,0.652571429,0.661406593,0.670241758,0.679076923,0.687912088,0.696747253,0.705582418,0.714417582,0.723252747
 Barbados,0.716,0.718,0.718,0.721,0.727,0.731,0.735,0.74,0.736,0.743,0.752,0.751,0.754,0.759,0.762,0.767,0.772,0.777,0.781,0.783,0.782,0.787,0.795,0.796,0.796,0.797,0.799,0.8,0.806192308,0.808923077,0.811653846,0.814384615,0.817115385,0.819846154,0.822576923,0.825307692,0.828038462,0.830769231,0.8335,0.836230769,0.838961538
 Belarus,,,,,,0.657,0.661,0.667,0.671,0.676,0.683,0.689,0.696,0.705,0.715,0.725,0.741,0.757,0.774,0.784,0.792,0.798,0.803,0.804,0.807,0.805,0.805,0.808,0.829461538,0.835835165,0.842208791,0.848582418,0.854956044,0.86132967,0.867703297,0.874076923,0.880450549,0.886824176,0.893197802,0.899571429,0.905945055
 Belgium,0.806,0.81,0.825,0.839,0.845,0.852,0.857,0.862,0.866,0.868,0.873,0.876,0.879,0.882,0.885,0.889,0.896,0.899,0.899,0.899,0.903,0.904,0.905,0.908,0.909,0.913,0.915,0.916,0.918192308,0.920186813,0.922181319,0.924175824,0.92617033,0.928164835,0.930159341,0.932153846,0.934148352,0.936142857,0.938137363,0.940131868,0.942126374
 Belize,0.644,0.651,0.657,0.661,0.661,0.662,0.662,0.664,0.666,0.67,0.677,0.679,0.685,0.692,0.696,0.693,0.7,0.699,0.7,0.699,0.699,0.702,0.706,0.705,0.706,0.709,0.709,0.708,0.710846154,0.712010989,0.713175824,0.714340659,0.715505495,0.71667033,0.717835165,0.719,0.720164835,0.72132967,0.722494505,0.723659341,0.724824176
 Benin,0.348,0.354,0.358,0.365,0.368,0.373,0.377,0.381,0.385,0.391,0.398,0.41,0.419,0.426,0.434,0.44,0.447,0.455,0.462,0.468,0.473,0.479,0.489,0.5,0.505,0.508,0.512,0.515,0.527,0.533571429,0.540142857,0.546714286,0.553285714,0.559857143,0.566428571,0.573,0.579571429,0.586142857,0.592714286,0.599285714,0.605857143
 Bhutan,,,,,,,,,,,,,,,,0.51,0.521,0.535,0.543,0.554,0.566,0.575,0.585,0.589,0.599,0.603,0.609,0.612,0.630115385,0.638802198,0.647489011,0.656175824,0.664862637,0.673549451,0.682236264,0.690923077,0.69960989,0.708296703,0.716983516,0.72567033,0.734357143
 Bolivia (Plurinational State of),0.536,0.543,0.55,0.557,0.564,0.571,0.578,0.58,0.591,0.6,0.608,0.611,0.617,0.621,0.622,0.624,0.63,0.631,0.64,0.647,0.649,0.655,0.662,0.668,0.675,0.681,0.689,0.693,0.698346154,0.70421978,0.710093407,0.715967033,0.721840659,0.727714286,0.733587912,0.739461538,0.745335165,0.751208791,0.757082418,0.762956044,0.76882967
 Bosnia and Herzegovina,,,,,,,,,,,0.672,0.677,0.683,0.688,0.694,0.7,0.706,0.712,0.719,0.72,0.713,0.721,0.739,0.747,0.754,0.755,0.766,0.768,0.773269231,0.779120879,0.784972527,0.790824176,0.796675824,0.802527473,0.808379121,0.814230769,0.820082418,0.825934066,0.831785714,0.837637363,0.843489011
 Botswana,0.581,0.588,0.587,0.585,0.575,0.577,0.571,0.57,0.567,0.566,0.565,0.567,0.566,0.575,0.584,0.596,0.611,0.625,0.639,0.648,0.66,0.673,0.683,0.693,0.701,0.706,0.712,0.717,0.737769231,0.747956044,0.758142857,0.76832967,0.778516484,0.788703297,0.79889011,0.809076923,0.819263736,0.829450549,0.839637363,0.849824176,0.860010989
 Brazil,0.611,0.615,0.622,0.63,0.64,0.648,0.656,0.664,0.67,0.676,0.684,0.691,0.698,0.695,0.698,0.7,0.702,0.705,0.716,0.718,0.727,0.731,0.736,0.748,0.752,0.757,0.758,0.759,0.770653846,0.776252747,0.781851648,0.787450549,0.793049451,0.798648352,0.804247253,0.809846154,0.815445055,0.821043956,0.826642857,0.832241758,0.837840659
 Brunei Darussalam,0.782,0.787,0.792,0.797,0.801,0.805,0.807,0.81,0.812,0.818,0.819,0.82,0.823,0.828,0.834,0.838,0.84,0.84,0.84,0.842,0.842,0.846,0.852,0.853,0.853,0.852,0.852,0.853,0.856730769,0.858208791,0.859686813,0.861164835,0.862642857,0.864120879,0.865598901,0.867076923,0.868554945,0.870032967,0.871510989,0.872989011,0.874467033
 Bulgaria,0.694,0.691,0.691,0.69,0.691,0.696,0.702,0.704,0.709,0.708,0.712,0.722,0.729,0.738,0.745,0.75,0.756,0.764,0.771,0.774,0.779,0.782,0.786,0.792,0.797,0.807,0.81,0.813,0.819346154,0.824516484,0.829686813,0.834857143,0.840027473,0.845197802,0.850368132,0.855538462,0.860708791,0.865879121,0.871049451,0.87621978,0.88139011
 Burkina Faso,,,,,,,,,,,0.286,0.29,0.296,0.303,0.312,0.324,0.333,0.344,0.357,0.366,0.375,0.385,0.394,0.401,0.405,0.412,0.42,0.423,0.438923077,0.447351648,0.45578022,0.464208791,0.472637363,0.481065934,0.489494505,0.497923077,0.506351648,0.51478022,0.523208791,0.531637363,0.540065934
 Burundi,0.297,0.3,0.297,0.299,0.298,0.296,0.294,0.296,0.3,0.3,0.303,0.302,0.31,0.316,0.324,0.33,0.35,0.361,0.372,0.387,0.395,0.403,0.408,0.414,0.421,0.418,0.418,0.417,0.442,0.449164835,0.45632967,0.463494505,0.470659341,0.477824176,0.484989011,0.492153846,0.499318681,0.506483516,0.513648352,0.520813187,0.527978022
 Cambodia,0.364,0.368,0.373,0.377,0.38,0.387,0.391,0.397,0.402,0.407,0.42,0.434,0.453,0.466,0.478,0.49,0.502,0.513,0.521,0.521,0.537,0.546,0.553,0.56,0.566,0.571,0.576,0.582,0.594576923,0.602175824,0.609774725,0.617373626,0.624972527,0.632571429,0.64017033,0.647769231,0.655368132,0.662967033,0.670565934,0.678164835,0.685763736
 Cameroon,0.44,0.436,0.432,0.426,0.423,0.422,0.422,0.422,0.428,0.426,0.431,0.448,0.451,0.458,0.464,0.466,0.472,0.484,0.492,0.499,0.506,0.515,0.526,0.535,0.543,0.548,0.553,0.556,0.570615385,0.57856044,0.586505495,0.594450549,0.602395604,0.610340659,0.618285714,0.626230769,0.634175824,0.642120879,0.650065934,0.658010989,0.665956044
 Canada,0.849,0.853,0.856,0.854,0.859,0.861,0.863,0.862,0.861,0.864,0.867,0.872,0.877,0.882,0.887,0.892,0.895,0.897,0.899,0.899,0.902,0.905,0.908,0.911,0.918,0.92,0.922,0.926,0.927153846,0.93,0.932846154,0.935692308,0.938538462,0.941384615,0.944230769,0.947076923,0.949923077,0.952769231,0.955615385,0.958461538,0.961307692
 Central African Republic,0.317,0.312,0.299,0.299,0.301,0.303,0.3,0.302,0.304,0.308,0.309,0.311,0.312,0.311,0.315,0.319,0.325,0.331,0.337,0.343,0.351,0.358,0.365,0.344,0.349,0.357,0.362,0.367,0.370961538,0.374417582,0.377873626,0.38132967,0.384785714,0.388241758,0.391697802,0.395153846,0.39860989,0.402065934,0.405521978,0.408978022,0.412434066
 Chad,,,,,,,,,,,0.299,0.306,0.311,0.309,0.323,0.33,0.332,0.342,0.348,0.363,0.371,0.382,0.391,0.397,0.403,0.407,0.405,0.404,0.425846154,0.43310989,0.440373626,0.447637363,0.454901099,0.462164835,0.469428571,0.476692308,0.483956044,0.49121978,0.498483516,0.505747253,0.513010989
 Chile,0.701,0.711,0.719,0.713,0.718,0.727,0.734,0.741,0.747,0.753,0.759,0.766,0.768,0.774,0.783,0.788,0.788,0.795,0.806,0.804,0.808,0.814,0.819,0.828,0.833,0.84,0.842,0.843,0.851384615,0.85643956,0.861494505,0.866549451,0.871604396,0.876659341,0.881714286,0.886769231,0.891824176,0.896879121,0.901934066,0.906989011,0.912043956
 China,0.502,0.51,0.521,0.531,0.541,0.55,0.559,0.568,0.576,0.585,0.594,0.602,0.611,0.623,0.635,0.647,0.661,0.675,0.685,0.694,0.706,0.714,0.722,0.729,0.738,0.743,0.748,0.752,0.769615385,0.778307692,0.787,0.795692308,0.804384615,0.813076923,0.821769231,0.830461538,0.839153846,0.847846154,0.856538462,0.865230769,0.873923077
 Colombia,0.592,0.595,0.606,0.612,0.619,0.625,0.634,0.642,0.649,0.649,0.653,0.656,0.658,0.657,0.671,0.683,0.691,0.704,0.71,0.715,0.719,0.725,0.725,0.735,0.738,0.742,0.747,0.747,0.758,0.763197802,0.768395604,0.773593407,0.778791209,0.783989011,0.789186813,0.794384615,0.799582418,0.80478022,0.809978022,0.815175824,0.820373626
 Comoros,,,,,,,,,,,,,,,0.449,0.455,0.461,0.466,0.47,0.476,0.482,0.487,0.493,0.499,0.501,0.502,0.502,0.503,0.514653846,0.518978022,0.523302198,0.527626374,0.531950549,0.536274725,0.540598901,0.544923077,0.549247253,0.553571429,0.557895604,0.56221978,0.566543956
 Costa Rica,0.656,0.661,0.67,0.677,0.682,0.687,0.691,0.697,0.703,0.707,0.711,0.714,0.717,0.721,0.725,0.728,0.734,0.742,0.75,0.752,0.754,0.76,0.772,0.776,0.78,0.788,0.791,0.794,0.802423077,0.808032967,0.813642857,0.819252747,0.824862637,0.830472527,0.836082418,0.841692308,0.847302198,0.852912088,0.858521978,0.864131868,0.869741758
 Croatia,0.67,0.665,0.664,0.666,0.68,0.696,0.709,0.719,0.731,0.739,0.75,0.759,0.766,0.771,0.778,0.783,0.793,0.8,0.803,0.802,0.808,0.815,0.816,0.821,0.824,0.827,0.828,0.831,0.837769231,0.841505495,0.845241758,0.848978022,0.852714286,0.856450549,0.860186813,0.863923077,0.867659341,0.871395604,0.875131868,0.878868132,0.882604396
 Cuba,0.676,0.67,0.663,0.656,0.652,0.654,0.665,0.669,0.672,0.679,0.686,0.692,0.694,0.704,0.718,0.731,0.753,0.77,0.78,0.782,0.779,0.778,0.767,0.765,0.768,0.772,0.774,0.777,0.780730769,0.782417582,0.784104396,0.785791209,0.787478022,0.789164835,0.790851648,0.792538462,0.794225275,0.795912088,0.797598901,0.799285714,0.800972527
 Cyprus,0.732,0.735,0.74,0.777,0.781,0.786,0.789,0.792,0.8,0.799,0.802,0.807,0.816,0.824,0.828,0.831,0.837,0.846,0.852,0.856,0.85,0.853,0.852,0.853,0.856,0.86,0.867,0.869,0.869461538,0.87189011,0.874318681,0.876747253,0.879175824,0.881604396,0.884032967,0.886461538,0.88889011,0.891318681,0.893747253,0.896175824,0.898604396
 Czechia,0.73,0.726,0.728,0.735,0.744,0.753,0.768,0.774,0.775,0.785,0.796,0.806,0.813,0.822,0.825,0.835,0.843,0.85,0.854,0.857,0.862,0.865,0.865,0.874,0.879,0.882,0.885,0.888,0.894076923,0.898296703,0.902516484,0.906736264,0.910956044,0.915175824,0.919395604,0.923615385,0.927835165,0.932054945,0.936274725,0.940494505,0.944714286
 Denmark,0.799,0.804,0.809,0.815,0.824,0.831,0.837,0.843,0.849,0.861,0.863,0.876,0.883,0.894,0.898,0.903,0.905,0.904,0.909,0.906,0.91,0.922,0.924,0.931,0.928,0.926,0.928,0.929,0.935769231,0.938406593,0.941043956,0.943681319,0.946318681,0.948956044,0.951593407,0.954230769,0.956868132,0.959505495,0.962142857,0.96478022,0.967417582
 Djibouti,,,,,,0.355,0.353,0.357,0.359,0.362,0.363,0.372,0.378,0.388,0.396,0.405,0.416,0.426,0.435,0.441,0.449,0.454,0.459,0.463,0.467,0.47,0.474,0.476,0.488923077,0.494648352,0.500373626,0.506098901,0.511824176,0.517549451,0.523274725,0.529,0.534725275,0.540450549,0.546175824,0.551901099,0.557626374
 Dominica,,,,,,,,,,,0.693,0.697,0.696,0.702,0.704,0.705,0.711,0.715,0.72,0.72,0.722,0.722,0.721,0.721,0.724,0.721,0.718,0.715,0.723153846,0.723879121,0.724604396,0.72532967,0.726054945,0.72678022,0.727505495,0.728230769,0.728956044,0.729681319,0.730406593,0.731131868,0.731857143
 Dominican Republic,0.598,0.603,0.612,0.618,0.623,0.629,0.635,0.641,0.646,0.651,0.657,0.66,0.664,0.666,0.668,0.675,0.682,0.691,0.695,0.696,0.703,0.706,0.71,0.713,0.718,0.729,0.733,0.736,0.740653846,0.745505495,0.750357143,0.755208791,0.76006044,0.764912088,0.769763736,0.774615385,0.779467033,0.784318681,0.78917033,0.794021978,0.798873626
 Ecuador,0.643,0.646,0.65,0.654,0.658,0.662,0.664,0.668,0.671,0.668,0.67,0.675,0.679,0.682,0.688,0.693,0.696,0.698,0.711,0.712,0.715,0.721,0.726,0.734,0.742,0.743,0.749,0.752,0.758884615,0.764087912,0.769291209,0.774494505,0.779697802,0.784901099,0.790104396,0.795307692,0.800510989,0.805714286,0.810917582,0.816120879,0.821324176
 Egypt,0.546,0.55,0.557,0.562,0.569,0.576,0.584,0.591,0.592,0.605,0.611,0.616,0.62,0.622,0.628,0.634,0.642,0.65,0.658,0.66,0.665,0.668,0.675,0.68,0.683,0.691,0.694,0.696,0.704346154,0.709406593,0.714467033,0.719527473,0.724587912,0.729648352,0.734708791,0.739769231,0.74482967,0.74989011,0.754950549,0.760010989,0.765071429
 El Salvador,0.529,0.534,0.546,0.557,0.567,0.577,0.585,0.595,0.604,0.607,0.615,0.62,0.628,0.635,0.643,0.651,0.659,0.656,0.659,0.659,0.671,0.666,0.67,0.671,0.67,0.674,0.679,0.674,0.680153846,0.682164835,0.684175824,0.686186813,0.688197802,0.690208791,0.69221978,0.694230769,0.696241758,0.698252747,0.700263736,0.702274725,0.704285714
 Equatorial Guinea,,,,,,,,,,,0.516,0.532,0.525,0.539,0.53,0.567,0.578,0.585,0.586,0.589,0.581,0.584,0.589,0.59,0.59,0.593,0.593,0.591,0.596346154,0.597846154,0.599346154,0.600846154,0.602346154,0.603846154,0.605346154,0.606846154,0.608346154,0.609846154,0.611346154,0.612846154,0.614346154
 Eritrea,,,,,,,,,,,,,,,,0.408,0.409,0.411,0.407,0.416,0.416,0.417,0.422,0.425,0.428,0.433,0.436,0.44,0.439923077,0.442681319,0.44543956,0.448197802,0.450956044,0.453714286,0.456472527,0.459230769,0.461989011,0.464747253,0.467505495,0.470263736,0.473021978
 Estonia,0.733,0.728,0.719,0.712,0.716,0.727,0.738,0.751,0.763,0.769,0.78,0.79,0.799,0.806,0.814,0.825,0.832,0.839,0.841,0.839,0.845,0.853,0.859,0.862,0.864,0.866,0.868,0.871,0.877730769,0.881538462,0.885346154,0.889153846,0.892961538,0.896769231,0.900576923,0.904384615,0.908192308,0.912,0.915807692,0.919615385,0.923423077
 Ethiopia,,,,,,,,,,,0.283,0.298,0.306,0.31,0.325,0.346,0.362,0.378,0.394,0.401,0.412,0.423,0.43,0.438,0.445,0.451,0.457,0.463,0.481307692,0.490725275,0.500142857,0.50956044,0.518978022,0.528395604,0.537813187,0.547230769,0.556648352,0.566065934,0.575483516,0.584901099,0.594318681
 Fiji,0.643,0.651,0.655,0.659,0.666,0.673,0.676,0.675,0.676,0.681,0.683,0.687,0.689,0.691,0.699,0.695,0.698,0.702,0.703,0.707,0.711,0.717,0.719,0.727,0.73,0.738,0.738,0.741,0.746192308,0.750307692,0.754423077,0.758538462,0.762653846,0.766769231,0.770884615,0.775,0.779115385,0.783230769,0.787346154,0.791461538,0.795576923
 Finland,0.784,0.787,0.795,0.799,0.809,0.816,0.823,0.832,0.84,0.848,0.858,0.864,0.867,0.87,0.891,0.895,0.899,0.901,0.904,0.899,0.903,0.907,0.908,0.912,0.914,0.915,0.918,0.92,0.921230769,0.92321978,0.925208791,0.927197802,0.929186813,0.931175824,0.933164835,0.935153846,0.937142857,0.939131868,0.941120879,0.94310989,0.945098901
 France,0.779,0.788,0.798,0.804,0.818,0.825,0.83,0.834,0.839,0.845,0.849,0.851,0.853,0.857,0.86,0.869,0.874,0.876,0.878,0.878,0.882,0.884,0.886,0.889,0.894,0.898,0.899,0.901,0.903653846,0.906285714,0.908917582,0.911549451,0.914181319,0.916813187,0.919445055,0.922076923,0.924708791,0.927340659,0.929972527,0.932604396,0.935236264
 Gabon,0.62,0.625,0.624,0.626,0.63,0.632,0.634,0.637,0.64,0.636,0.633,0.636,0.639,0.641,0.641,0.647,0.647,0.652,0.653,0.661,0.665,0.67,0.678,0.687,0.693,0.694,0.698,0.702,0.708923077,0.714076923,0.719230769,0.724384615,0.729538462,0.734692308,0.739846154,0.745,0.750153846,0.755307692,0.760461538,0.765615385,0.770769231
 Gambia,0.333,0.337,0.342,0.346,0.349,0.353,0.36,0.364,0.371,0.378,0.385,0.393,0.397,0.403,0.412,0.416,0.421,0.427,0.435,0.438,0.441,0.44,0.445,0.453,0.454,0.457,0.457,0.46,0.467038462,0.470637363,0.474236264,0.477835165,0.481434066,0.485032967,0.488631868,0.492230769,0.49582967,0.499428571,0.503027473,0.506626374,0.510225275
 Georgia,,,,,,,,,,,0.673,0.678,0.684,0.693,0.701,0.712,0.718,0.73,0.728,0.731,0.735,0.741,0.75,0.757,0.765,0.771,0.776,0.78,0.785692308,0.791406593,0.797120879,0.802835165,0.808549451,0.814263736,0.819978022,0.825692308,0.831406593,0.837120879,0.842835165,0.848549451,0.854263736
 Germany,0.801,0.809,0.814,0.824,0.829,0.834,0.839,0.844,0.85,0.855,0.868,0.877,0.883,0.889,0.897,0.903,0.911,0.915,0.917,0.917,0.921,0.926,0.928,0.928,0.93,0.933,0.934,0.936,0.940423077,0.942912088,0.945401099,0.94789011,0.950379121,0.952868132,0.955357143,0.957846154,0.960335165,0.962824176,0.965313187,0.967802198,0.970291209
 Ghana,0.455,0.46,0.464,0.468,0.47,0.473,0.474,0.476,0.477,0.48,0.484,0.483,0.489,0.49,0.498,0.509,0.519,0.53,0.542,0.547,0.554,0.563,0.57,0.577,0.576,0.585,0.588,0.592,0.605576923,0.612395604,0.619214286,0.626032967,0.632851648,0.63967033,0.646489011,0.653307692,0.660126374,0.666945055,0.673763736,0.680582418,0.687401099
 Greece,0.753,0.763,0.764,0.762,0.766,0.768,0.772,0.777,0.787,0.789,0.796,0.806,0.818,0.825,0.835,0.845,0.851,0.849,0.857,0.858,0.856,0.852,0.854,0.856,0.864,0.866,0.868,0.87,0.869615385,0.871362637,0.87310989,0.874857143,0.876604396,0.878351648,0.880098901,0.881846154,0.883593407,0.885340659,0.887087912,0.888835165,0.890582418
 Grenada,,,,,,,,,,,,,0.702,0.711,0.713,0.727,0.729,0.735,0.739,0.738,0.743,0.747,0.749,0.754,0.761,0.767,0.77,0.772,0.775730769,0.779615385,0.7835,0.787384615,0.791269231,0.795153846,0.799038462,0.802923077,0.806807692,0.810692308,0.814576923,0.818461538,0.822346154
 Guatemala,0.478,0.483,0.49,0.495,0.5,0.507,0.515,0.523,0.531,0.539,0.546,0.554,0.56,0.564,0.567,0.571,0.579,0.59,0.598,0.604,0.611,0.619,0.613,0.616,0.643,0.645,0.649,0.65,0.660807692,0.667428571,0.674049451,0.68067033,0.687291209,0.693912088,0.700532967,0.707153846,0.713774725,0.720395604,0.727016484,0.733637363,0.740258242
 Guinea,0.276,0.28,0.283,0.287,0.291,0.295,0.299,0.307,0.314,0.322,0.329,0.336,0.345,0.336,0.361,0.371,0.38,0.39,0.396,0.399,0.404,0.418,0.428,0.435,0.44,0.443,0.449,0.459,0.466807692,0.474021978,0.481236264,0.488450549,0.495664835,0.502879121,0.510093407,0.517307692,0.524521978,0.531736264,0.538950549,0.546164835,0.553379121
 Guinea-Bissau,,,,,,,,,,,,,,,,0.396,0.404,0.409,0.415,0.421,0.426,0.435,0.437,0.44,0.445,0.449,0.453,0.455,0.464153846,0.469087912,0.474021978,0.478956044,0.48389011,0.488824176,0.493758242,0.498692308,0.503626374,0.50856044,0.513494505,0.518428571,0.523362637
 Guyana,0.538,0.533,0.548,0.562,0.572,0.578,0.589,0.594,0.597,0.6,0.604,0.607,0.609,0.605,0.611,0.614,0.614,0.618,0.621,0.624,0.63,0.639,0.642,0.645,0.648,0.651,0.652,0.654,0.661576923,0.665406593,0.669236264,0.673065934,0.676895604,0.680725275,0.684554945,0.688384615,0.692214286,0.696043956,0.699873626,0.703703297,0.707532967
 Haiti,0.409,0.409,0.406,0.414,0.417,0.418,0.427,0.431,0.435,0.439,0.442,0.444,0.446,0.449,0.45,0.453,0.458,0.462,0.466,0.47,0.47,0.477,0.481,0.486,0.49,0.493,0.496,0.498,0.503807692,0.507648352,0.511489011,0.51532967,0.51917033,0.523010989,0.526851648,0.530692308,0.534532967,0.538373626,0.542214286,0.546054945,0.549895604
 Honduras,0.506,0.509,0.513,0.521,0.524,0.529,0.534,0.541,0.546,0.549,0.554,0.559,0.563,0.568,0.574,0.58,0.586,0.593,0.59,0.591,0.596,0.598,0.597,0.6,0.603,0.609,0.614,0.617,0.616615385,0.619274725,0.621934066,0.624593407,0.627252747,0.629912088,0.632571429,0.635230769,0.63789011,0.640549451,0.643208791,0.645868132,0.648527473
" Hong Kong, China (SAR)",0.781,0.786,0.791,0.799,0.804,0.808,0.811,0.816,0.817,0.821,0.827,0.835,0.842,0.851,0.862,0.871,0.883,0.887,0.896,0.898,0.901,0.904,0.911,0.915,0.923,0.927,0.93,0.933,0.940384615,0.945285714,0.950186813,0.955087912,0.959989011,0.96489011,0.969791209,0.974692308,0.979593407,0.984494505,0.989395604,0.994296703,0.999197802
 Hungary,0.704,0.701,,0.719,0.733,0.741,0.746,0.747,0.754,0.761,0.769,0.777,0.784,0.792,0.795,0.804,0.811,0.813,0.818,0.818,0.823,0.827,0.83,0.835,0.833,0.834,0.835,0.838,0.843538462,0.846252747,0.848967033,0.851681319,0.854395604,0.85710989,0.859824176,0.862538462,0.865252747,0.867967033,0.870681319,0.873395604,0.87610989
 Iceland,0.802,0.815,0.818,0.818,0.823,0.826,0.831,0.84,0.849,0.853,0.86,0.866,0.875,0.881,0.885,0.889,0.891,0.897,0.89,0.89,0.891,0.901,0.909,0.92,0.925,0.927,0.933,0.935,0.937884615,0.94221978,0.946554945,0.95089011,0.955225275,0.95956044,0.963895604,0.968230769,0.972565934,0.976901099,0.981236264,0.985571429,0.989906593
 India,0.427,0.432,0.438,0.445,0.452,0.46,0.467,0.473,0.48,0.488,0.493,0.498,0.504,0.517,0.526,0.535,0.545,0.556,0.564,0.57,0.581,0.591,0.6,0.607,0.618,0.627,0.636,0.64,0.652461538,0.661384615,0.670307692,0.679230769,0.688153846,0.697076923,0.706,0.714923077,0.723846154,0.732769231,0.741692308,0.750615385,0.759538462
 Indonesia,0.528,0.533,0.539,0.545,0.555,0.564,0.577,0.59,0.59,0.598,0.606,0.612,0.618,0.624,0.629,0.632,0.641,0.642,0.646,0.656,0.661,0.669,0.675,0.681,0.683,0.686,0.691,0.694,0.703346154,0.708692308,0.714038462,0.719384615,0.724730769,0.730076923,0.735423077,0.740769231,0.746115385,0.751461538,0.756807692,0.762153846,0.7675
 Iran (Islamic Republic of),0.577,0.594,0.608,0.62,0.629,0.64,0.647,0.653,0.659,0.664,0.67,0.678,0.683,0.689,0.691,0.695,0.731,0.736,0.741,0.747,0.755,0.766,0.781,0.784,0.788,0.789,0.796,0.798,0.815769231,0.82343956,0.83110989,0.83878022,0.846450549,0.854120879,0.861791209,0.869461538,0.877131868,0.884802198,0.892472527,0.900142857,0.907813187
 Iraq,0.572,0.527,0.541,0.561,0.561,0.553,0.573,0.582,0.596,0.603,0.607,0.614,0.616,0.603,0.628,0.631,0.636,0.638,0.643,0.646,0.649,0.656,0.659,0.666,0.666,0.668,0.672,0.685,0.683576923,0.687659341,0.691741758,0.695824176,0.699906593,0.703989011,0.708071429,0.712153846,0.716236264,0.720318681,0.724401099,0.728483516,0.732565934
 Ireland,0.763,0.767,0.773,0.781,0.789,0.795,0.801,0.809,0.84,0.849,0.857,0.863,0.871,0.88,0.89,0.896,0.902,0.908,0.908,0.906,0.909,0.895,0.902,0.911,0.921,0.929,0.934,0.938,0.932923077,0.935879121,0.938835165,0.941791209,0.944747253,0.947703297,0.950659341,0.953615385,0.956571429,0.959527473,0.962483516,0.96543956,0.968395604
 Israel,0.792,0.8,0.807,0.812,0.818,0.823,0.828,0.835,0.843,0.85,0.853,0.857,0.865,0.865,0.868,0.872,0.872,0.881,0.88,0.882,0.887,0.892,0.893,0.895,0.899,0.901,0.902,0.903,0.908576923,0.911351648,0.914126374,0.916901099,0.919675824,0.922450549,0.925225275,0.928,0.930774725,0.933549451,0.936324176,0.939098901,0.941873626
 Italy,0.769,0.774,0.78,0.786,0.794,0.8,0.806,0.814,0.819,0.824,0.83,0.837,0.842,0.847,0.852,0.857,0.862,0.866,0.868,0.868,0.87,0.875,0.874,0.876,0.874,0.876,0.878,0.88,0.882461538,0.884087912,0.885714286,0.887340659,0.888967033,0.890593407,0.89221978,0.893846154,0.895472527,0.897098901,0.898725275,0.900351648,0.901978022
 Jamaica,0.638,0.639,0.645,0.653,0.655,0.657,0.66,0.661,0.662,0.664,0.662,0.673,0.677,0.673,0.691,0.695,0.7,0.705,0.708,0.709,0.712,0.715,0.721,0.726,0.728,0.73,0.732,0.732,0.738884615,0.742098901,0.745313187,0.748527473,0.751741758,0.754956044,0.75817033,0.761384615,0.764598901,0.767813187,0.771027473,0.774241758,0.777456044
 Japan,0.816,0.821,0.824,0.829,0.835,0.84,0.845,0.848,0.847,0.85,0.855,0.859,0.862,0.865,0.869,0.873,0.877,0.88,0.881,0.88,0.885,0.89,0.895,0.899,0.903,0.905,0.907,0.909,0.913384615,0.916571429,0.919758242,0.922945055,0.926131868,0.929318681,0.932505495,0.935692308,0.938879121,0.942065934,0.945252747,0.94843956,0.951626374
 Jordan,0.617,0.627,0.648,0.659,0.67,0.684,0.686,0.689,0.693,0.697,0.702,0.708,0.713,0.719,0.726,0.729,0.732,0.735,0.736,0.734,0.728,0.726,0.726,0.727,0.73,0.733,0.735,0.735,0.731576923,0.731626374,0.731675824,0.731725275,0.731774725,0.731824176,0.731873626,0.731923077,0.731972527,0.732021978,0.732071429,0.732120879,0.73217033
 Kazakhstan,0.69,0.684,,0.675,0.667,0.664,0.666,0.669,0.672,0.676,0.685,0.7,0.713,0.725,0.737,0.747,0.754,0.759,0.759,0.763,0.765,0.772,0.781,0.788,0.793,0.797,0.797,0.8,0.807807692,0.812494505,0.817181319,0.821868132,0.826554945,0.831241758,0.835928571,0.840615385,0.845302198,0.849989011,0.854675824,0.859362637,0.864049451
 Kenya,0.468,0.466,0.463,0.458,0.457,0.456,0.455,0.453,0.452,0.451,0.451,0.456,0.456,0.468,0.48,0.49,0.505,0.514,0.523,0.533,0.543,0.552,0.559,0.566,0.572,0.578,0.585,0.59,0.604038462,0.612197802,0.620357143,0.628516484,0.636675824,0.644835165,0.652994505,0.661153846,0.669313187,0.677472527,0.685631868,0.693791209,0.701950549
 Kiribati,,,,,,,,,,,0.552,0.567,0.566,0.57,0.568,0.585,0.58,0.582,0.585,0.584,0.59,0.59,0.598,0.609,0.616,0.621,0.61,0.612,0.620884615,0.624285714,0.627686813,0.631087912,0.634489011,0.63789011,0.641291209,0.644692308,0.648093407,0.651494505,0.654895604,0.658296703,0.661697802
 Korea (Republic of),0.728,0.739,0.746,0.756,0.767,0.778,0.789,0.8,0.797,0.808,0.817,0.824,0.832,0.839,0.847,0.855,0.862,0.869,0.874,0.869,0.884,0.888,0.89,0.893,0.896,0.898,0.9,0.903,0.910615385,0.914538462,0.918461538,0.922384615,0.926307692,0.930230769,0.934153846,0.938076923,0.942,0.945923077,0.949846154,0.953769231,0.957692308
 Kuwait,0.713,0.673,0.666,0.695,0.721,0.747,0.772,0.775,0.781,0.786,0.786,0.786,0.788,0.791,0.789,0.783,0.788,0.788,0.789,0.79,0.792,0.794,0.796,0.795,0.799,0.802,0.804,0.803,0.805615385,0.807263736,0.808912088,0.81056044,0.812208791,0.813857143,0.815505495,0.817153846,0.818802198,0.820450549,0.822098901,0.823747253,0.825395604
 Kyrgyzstan,0.618,0.611,0.601,0.588,0.569,0.563,0.568,0.576,0.58,0.587,0.594,0.602,0.604,0.611,0.615,0.616,0.621,0.628,0.631,0.636,0.636,0.639,0.649,0.658,0.663,0.666,0.669,0.672,0.678807692,0.683648352,0.688489011,0.69332967,0.69817033,0.703010989,0.707851648,0.712692308,0.717532967,0.722373626,0.727214286,0.732054945,0.736895604
 Latvia,0.704,0.699,0.678,0.667,0.668,0.673,0.68,0.692,0.705,0.716,0.728,0.745,0.76,0.774,0.788,0.802,0.809,0.818,0.821,0.818,0.816,0.821,0.824,0.833,0.838,0.841,0.844,0.847,0.849615385,0.853054945,0.856494505,0.859934066,0.863373626,0.866813187,0.870252747,0.873692308,0.877131868,0.880571429,0.884010989,0.887450549,0.89089011
 Lebanon,,,,,,,,,,,,,,,,0.732,0.731,0.743,0.75,0.756,0.758,0.76,0.751,0.751,0.751,0.752,0.753,0.757,0.760461538,0.762010989,0.76356044,0.76510989,0.766659341,0.768208791,0.769758242,0.771307692,0.772857143,0.774406593,0.775956044,0.777505495,0.779054945
 Lesotho,0.499,0.499,0.499,0.495,0.495,0.492,0.487,0.48,0.478,0.469,0.467,0.461,0.458,0.46,0.46,0.461,0.466,0.473,0.48,0.489,0.493,0.498,0.505,0.505,0.509,0.511,0.516,0.52,0.528423077,0.533296703,0.53817033,0.543043956,0.547917582,0.552791209,0.557664835,0.562538462,0.567412088,0.572285714,0.577159341,0.582032967,0.586906593
 Liberia,,,,,,,,,,0.35,0.387,0.377,0.374,0.335,0.373,0.378,0.383,0.394,0.399,0.404,0.407,0.417,0.42,0.429,0.431,0.432,0.432,0.435,0.446923077,0.451857143,0.456791209,0.461725275,0.466659341,0.471593407,0.476527473,0.481461538,0.486395604,0.49132967,0.496263736,0.501197802,0.506131868
 Libya,0.677,0.688,0.692,0.695,0.7,0.704,0.709,0.715,0.718,0.722,0.727,0.731,0.735,0.743,0.743,0.747,0.751,0.752,0.757,0.755,0.755,0.707,0.741,0.707,0.695,0.694,0.693,0.706,0.686769231,0.680923077,0.675076923,0.669230769,0.663384615,0.657538462,0.651692308,0.645846154,0.64,0.634153846,0.628307692,0.622461538,0.616615385
 Liechtenstein,,,,,,,,,,,0.862,0.868,0.873,0.878,0.883,0.886,0.89,0.893,0.899,0.899,0.904,0.909,0.913,0.912,0.911,0.912,0.915,0.916,0.921923077,0.924406593,0.92689011,0.929373626,0.931857143,0.934340659,0.936824176,0.939307692,0.941791209,0.944274725,0.946758242,0.949241758,0.951725275
 Lithuania,0.732,0.728,0.713,0.701,0.697,0.703,0.712,0.724,0.736,0.744,0.756,0.768,0.779,0.791,0.798,0.809,0.817,0.825,0.831,0.822,0.824,0.828,0.831,0.836,0.851,0.852,0.855,0.858,0.860192308,0.863967033,0.867741758,0.871516484,0.875291209,0.879065934,0.882840659,0.886615385,0.89039011,0.894164835,0.89793956,0.901714286,0.905489011
 Luxembourg,0.782,0.79,0.795,0.799,0.803,0.808,0.817,0.826,0.834,0.849,0.855,0.861,0.863,0.864,0.872,0.878,0.881,0.888,0.89,0.883,0.889,0.892,0.892,0.892,0.895,0.899,0.904,0.904,0.904807692,0.906736264,0.908664835,0.910593407,0.912521978,0.914450549,0.916379121,0.918307692,0.920236264,0.922164835,0.924093407,0.926021978,0.927950549
 Madagascar,,,,,,,,,,,0.456,0.462,0.457,0.466,0.472,0.479,0.484,0.491,0.5,0.503,0.504,0.504,0.507,0.509,0.512,0.514,0.517,0.519,0.524384615,0.527395604,0.530406593,0.533417582,0.536428571,0.53943956,0.542450549,0.545461538,0.548472527,0.551483516,0.554494505,0.557505495,0.560516484
 Malawi,0.34,0.346,0.355,0.363,0.364,0.398,0.385,0.404,0.404,0.405,0.399,0.4,0.37,0.374,0.375,0.38,0.389,0.4,0.417,0.431,0.441,0.45,0.455,0.461,0.468,0.47,0.474,0.477,0.497692308,0.506010989,0.51432967,0.522648352,0.530967033,0.539285714,0.547604396,0.555923077,0.564241758,0.57256044,0.580879121,0.589197802,0.597516484
 Malaysia,0.643,0.652,0.66,0.668,0.675,0.683,0.695,0.706,0.71,0.716,0.725,0.723,0.725,0.731,0.734,0.731,0.737,0.75,0.761,0.765,0.772,0.778,0.781,0.785,0.79,0.795,0.799,0.802,0.813230769,0.819010989,0.824791209,0.830571429,0.836351648,0.842131868,0.847912088,0.853692308,0.859472527,0.865252747,0.871032967,0.876813187,0.882593407
 Maldives,,,,,,0.539,0.553,0.568,0.58,0.595,0.606,0.61,0.615,0.63,0.635,0.631,0.643,0.651,0.66,0.66,0.671,0.682,0.688,0.696,0.705,0.71,0.712,0.717,0.729730769,0.736989011,0.744247253,0.751505495,0.758763736,0.766021978,0.77328022,0.780538462,0.787796703,0.795054945,0.802313187,0.809571429,0.81682967
 Mali,0.231,0.238,0.243,0.249,0.256,0.262,0.271,0.281,0.291,0.302,0.308,0.321,0.33,0.343,0.352,0.363,0.372,0.367,0.39,0.398,0.403,0.408,0.408,0.408,0.414,0.418,0.421,0.427,0.435538462,0.440648352,0.445758242,0.450868132,0.455978022,0.461087912,0.466197802,0.471307692,0.476417582,0.481527473,0.486637363,0.491747253,0.496857143
 Malta,0.74,0.745,0.749,0.753,0.756,0.759,0.763,0.768,0.776,0.78,0.783,0.788,0.792,0.8,0.809,0.824,0.822,0.827,0.829,0.83,0.843,0.843,0.849,0.856,0.862,0.871,0.875,0.878,0.882307692,0.887373626,0.89243956,0.897505495,0.902571429,0.907637363,0.912703297,0.917769231,0.922835165,0.927901099,0.932967033,0.938032967,0.943098901
 Marshall Islands,,,,,,,,,,,,,,,,,,,,,,,,,,0.708,0.708,0.708,0.708,0.708,0.708,0.708,0.708,0.708,0.708,0.708,0.708,0.708,0.708,0.708,0.708
 Mauritania,0.374,0.379,0.387,0.399,0.411,0.418,0.428,0.427,0.435,0.441,0.442,0.442,0.449,0.451,0.461,0.466,0.475,0.476,0.476,0.484,0.487,0.49,0.499,0.508,0.514,0.514,0.516,0.52,0.527115385,0.531813187,0.536510989,0.541208791,0.545906593,0.550604396,0.555302198,0.56,0.564697802,0.569395604,0.574093407,0.578791209,0.583489011
 Mauritius,0.619,0.626,0.633,0.638,0.643,0.648,0.652,0.656,0.662,0.667,0.673,0.682,0.687,0.695,0.704,0.713,0.72,0.728,0.734,0.741,0.749,0.758,0.767,0.772,0.782,0.782,0.788,0.79,0.803461538,0.810285714,0.81710989,0.823934066,0.830758242,0.837582418,0.844406593,0.851230769,0.858054945,0.864879121,0.871703297,0.878527473,0.885351648
 Mexico,0.65,0.654,0.658,0.663,0.67,0.669,0.677,0.683,0.69,0.695,0.702,0.705,0.71,0.717,0.724,0.728,0.736,0.739,0.742,0.743,0.743,0.751,0.757,0.756,0.761,0.767,0.772,0.774,0.777038462,0.780692308,0.784346154,0.788,0.791653846,0.795307692,0.798961538,0.802615385,0.806269231,0.809923077,0.813576923,0.817230769,0.820884615
 Micronesia (Federated States of),,,,,,,,,,,0.552,0.558,0.564,0.57,0.575,0.582,0.587,0.592,0.596,0.603,0.608,0.613,0.616,0.619,0.618,0.627,0.627,0.627,0.636384615,0.640318681,0.644252747,0.648186813,0.652120879,0.656054945,0.659989011,0.663923077,0.667857143,0.671791209,0.675725275,0.679659341,0.683593407
 Moldova (Republic of),0.651,0.64,0.62,0.618,0.595,0.594,0.591,0.593,0.593,0.595,0.597,0.607,0.617,0.63,0.64,0.648,0.656,0.661,0.666,0.662,0.67,0.677,0.684,0.693,0.696,0.693,0.697,0.7,0.708346154,0.712802198,0.717258242,0.721714286,0.72617033,0.730626374,0.735082418,0.739538462,0.743994505,0.748450549,0.752906593,0.757362637,0.761818681
 Mongolia,0.579,0.574,0.561,0.547,0.55,0.555,0.561,0.568,0.576,0.582,0.589,0.6,0.609,0.622,0.637,0.65,0.66,0.672,0.683,0.689,0.697,0.711,0.72,0.729,0.734,0.737,0.743,0.741,0.761884615,0.77,0.778115385,0.786230769,0.794346154,0.802461538,0.810576923,0.818692308,0.826807692,0.834923077,0.843038462,0.851153846,0.859269231
 Montenegro,,,,,,,,,,,,,,0.741,0.748,0.753,0.764,0.775,0.786,0.788,0.793,0.798,0.8,0.803,0.805,0.809,0.81,0.814,0.823923077,0.828461538,0.833,0.837538462,0.842076923,0.846615385,0.851153846,0.855692308,0.860230769,0.864769231,0.869307692,0.873846154,0.878384615
 Morocco,0.458,0.464,0.468,0.474,0.485,0.489,0.499,0.503,0.51,0.52,0.53,0.541,0.552,0.563,0.572,0.58,0.586,0.594,0.602,0.608,0.616,0.626,0.635,0.645,0.65,0.655,0.662,0.667,0.678269231,0.685868132,0.693467033,0.701065934,0.708664835,0.716263736,0.723862637,0.731461538,0.73906044,0.746659341,0.754258242,0.761857143,0.769456044
 Mozambique,0.209,0.212,0.208,0.214,0.221,0.229,0.253,0.266,0.279,0.291,0.298,0.311,0.318,0.333,0.343,0.357,0.365,0.378,0.388,0.397,0.403,0.407,0.412,0.423,0.427,0.432,0.435,0.437,0.451769231,0.458494505,0.46521978,0.471945055,0.47867033,0.485395604,0.492120879,0.498846154,0.505571429,0.512296703,0.519021978,0.525747253,0.532472527
 Myanmar,0.359,0.366,0.38,0.387,0.393,0.398,0.404,0.41,0.413,0.421,0.431,0.44,0.449,0.459,0.468,0.477,0.487,0.498,0.509,0.519,0.53,0.54,0.549,0.558,0.564,0.569,0.574,0.578,0.595807692,0.604527473,0.613247253,0.621967033,0.630686813,0.639406593,0.648126374,0.656846154,0.665565934,0.674285714,0.683005495,0.691725275,0.700445055
 Namibia,0.579,0.582,0.587,0.589,0.591,0.588,0.581,0.575,0.569,0.56,0.558,0.557,0.554,0.556,0.557,0.556,0.56,0.568,0.575,0.583,0.594,0.607,0.617,0.628,0.636,0.642,0.645,0.647,0.664576923,0.673164835,0.681752747,0.690340659,0.698928571,0.707516484,0.716104396,0.724692308,0.73328022,0.741868132,0.750456044,0.759043956,0.767631868
 Nepal,0.378,0.386,0.394,0.398,0.405,0.41,0.42,0.426,0.432,0.439,0.446,0.447,0.457,0.462,0.469,0.475,0.486,0.491,0.502,0.514,0.529,0.535,0.548,0.554,0.56,0.566,0.569,0.574,0.591846154,0.600538462,0.609230769,0.617923077,0.626615385,0.635307692,0.644,0.652692308,0.661384615,0.670076923,0.678769231,0.687461538,0.696153846
 Netherlands,0.829,0.834,0.835,0.839,0.864,0.861,0.866,0.865,0.867,0.87,0.876,0.879,0.878,0.883,0.886,0.891,0.897,0.904,0.906,0.906,0.91,0.921,0.921,0.923,0.924,0.926,0.928,0.931,0.936846154,0.940043956,0.943241758,0.94643956,0.949637363,0.952835165,0.956032967,0.959230769,0.962428571,0.965626374,0.968824176,0.972021978,0.97521978
 New Zealand,0.818,0.82,0.825,0.836,0.845,0.851,0.854,0.86,0.863,0.865,0.869,0.873,0.881,0.884,0.886,0.888,0.891,0.894,0.894,0.898,0.899,0.902,0.905,0.907,0.91,0.914,0.915,0.917,0.919769231,0.92221978,0.92467033,0.927120879,0.929571429,0.932021978,0.934472527,0.936923077,0.939373626,0.941824176,0.944274725,0.946725275,0.949175824
 Nicaragua,0.489,0.498,0.505,0.509,0.514,0.524,0.534,0.543,0.552,0.562,0.57,0.577,0.583,0.587,0.592,0.596,0.6,0.607,0.614,0.615,0.621,0.627,0.633,0.639,0.649,0.652,0.657,0.658,0.666846154,0.672351648,0.677857143,0.683362637,0.688868132,0.694373626,0.699879121,0.705384615,0.71089011,0.716395604,0.721901099,0.727406593,0.732912088
 Niger,0.21,0.214,0.216,0.22,0.224,0.229,0.235,0.238,0.246,0.25,0.252,0.258,0.263,0.266,0.274,0.283,0.289,0.294,0.303,0.308,0.318,0.325,0.336,0.34,0.345,0.347,0.351,0.354,0.367,0.373351648,0.379703297,0.386054945,0.392406593,0.398758242,0.40510989,0.411461538,0.417813187,0.424164835,0.430516484,0.436868132,0.44321978
 Nigeria,,,,,,,,,,,,,,0.443,0.462,0.465,0.475,0.479,0.485,0.49,0.484,0.494,0.512,0.519,0.524,0.527,0.53,0.532,0.542461538,0.548351648,0.554241758,0.560131868,0.566021978,0.571912088,0.577802198,0.583692308,0.589582418,0.595472527,0.601362637,0.607252747,0.613142857
 Norway,0.85,0.856,0.862,0.87,0.885,0.883,0.888,0.894,0.906,0.911,0.917,0.916,0.918,0.924,0.934,0.932,0.936,0.938,0.938,0.938,0.942,0.943,0.942,0.946,0.946,0.948,0.951,0.953,0.953346154,0.95489011,0.956434066,0.957978022,0.959521978,0.961065934,0.96260989,0.964153846,0.965697802,0.967241758,0.968785714,0.97032967,0.971873626
 Oman,,,,,,,,,,,0.704,0.716,0.725,0.736,0.742,0.748,0.752,0.764,0.782,0.789,0.793,0.795,0.804,0.812,0.815,0.822,0.822,0.821,0.839,0.845461538,0.851923077,0.858384615,0.864846154,0.871307692,0.877769231,0.884230769,0.890692308,0.897153846,0.903615385,0.910076923,0.916538462
 Pakistan,0.404,0.409,0.414,0.418,0.423,0.428,0.433,0.437,0.441,0.445,0.45,0.457,0.465,0.473,0.487,0.5,0.505,0.513,0.515,0.522,0.526,0.53,0.535,0.538,0.548,0.551,0.56,0.562,0.567269231,0.572428571,0.577587912,0.582747253,0.587906593,0.593065934,0.598225275,0.603384615,0.608543956,0.613703297,0.618862637,0.624021978,0.629181319
 Palau,,,,,,,,,,,0.743,0.747,0.751,0.754,0.758,0.76,0.762,0.765,0.764,0.767,0.769,0.775,0.778,0.78,0.786,0.793,0.798,0.798,0.800423077,0.803835165,0.807247253,0.810659341,0.814071429,0.817483516,0.820895604,0.824307692,0.82771978,0.831131868,0.834543956,0.837956044,0.841368132
" Palestine, State of",,,,,,,,,,,,,,,0.65,0.657,0.658,0.663,0.66,0.67,0.672,0.677,0.687,0.679,0.679,0.687,0.689,0.686,0.693961538,0.696791209,0.699620879,0.702450549,0.70528022,0.70810989,0.71093956,0.713769231,0.716598901,0.719428571,0.722258242,0.725087912,0.727917582
 Panama,0.66,0.665,0.673,0.68,0.684,0.688,0.694,0.7,0.708,0.713,0.719,0.722,0.728,0.73,0.735,0.739,0.744,0.751,0.755,0.756,0.758,0.764,0.771,0.776,0.781,0.781,0.785,0.789,0.794461538,0.798615385,0.802769231,0.806923077,0.811076923,0.815230769,0.819384615,0.823538462,0.827692308,0.831846154,0.836,0.840153846,0.844307692
 Papua New Guinea,0.38,0.388,0.398,0.41,0.417,0.425,0.432,0.435,0.441,0.445,0.449,0.456,0.462,0.469,0.472,0.479,0.484,0.499,0.503,0.51,0.52,0.529,0.53,0.534,0.536,0.542,0.543,0.544,0.558461538,0.564032967,0.569604396,0.575175824,0.580747253,0.586318681,0.59189011,0.597461538,0.603032967,0.608604396,0.614175824,0.619747253,0.625318681
 Paraguay,0.58,0.585,0.589,0.596,0.6,0.606,0.613,0.618,0.622,0.625,0.624,0.632,0.642,0.64,0.646,0.649,0.649,0.655,0.664,0.659,0.675,0.68,0.68,0.695,0.698,0.702,0.702,0.702,0.714230769,0.719450549,0.72467033,0.72989011,0.73510989,0.74032967,0.745549451,0.750769231,0.755989011,0.761208791,0.766428571,0.771648352,0.776868132
 Peru,0.611,0.617,0.617,0.622,0.633,0.643,0.648,0.654,0.665,0.675,0.678,0.686,0.687,0.686,0.693,0.698,0.695,0.703,0.712,0.715,0.717,0.729,0.729,0.736,0.746,0.745,0.748,0.75,0.7595,0.764450549,0.769401099,0.774351648,0.779302198,0.784252747,0.789203297,0.794153846,0.799104396,0.804054945,0.809005495,0.813956044,0.818906593
 Philippines,0.586,0.587,0.589,0.591,0.595,0.598,0.606,0.611,0.615,0.62,0.624,0.628,0.633,0.637,0.647,0.65,0.651,0.657,0.661,0.659,0.665,0.67,0.677,0.685,0.689,0.693,0.696,0.699,0.704423077,0.708879121,0.713335165,0.717791209,0.722247253,0.726703297,0.731159341,0.735615385,0.740071429,0.744527473,0.748983516,0.75343956,0.757895604
 Poland,0.712,0.711,0.714,0.725,0.734,0.74,0.748,0.759,0.769,0.778,0.785,0.791,0.799,0.804,0.802,0.808,0.814,0.819,0.824,0.828,0.835,0.839,0.836,0.85,0.842,0.855,0.86,0.865,0.867884615,0.872362637,0.876840659,0.881318681,0.885796703,0.890274725,0.894752747,0.899230769,0.903708791,0.908186813,0.912664835,0.917142857,0.921620879
 Portugal,0.711,0.72,0.732,0.745,0.753,0.76,0.767,0.773,0.78,0.779,0.785,0.79,0.792,0.796,0.797,0.8,0.803,0.81,0.814,0.817,0.822,0.826,0.829,0.837,0.839,0.842,0.845,0.847,0.854,0.858076923,0.862153846,0.866230769,0.870307692,0.874384615,0.878461538,0.882538462,0.886615385,0.890692308,0.894769231,0.898846154,0.902923077
 Qatar,0.754,0.751,0.753,0.764,0.775,0.784,0.796,0.8,0.804,0.808,0.81,0.811,0.816,0.823,0.826,0.831,0.827,0.83,0.835,0.833,0.825,0.836,0.844,0.854,0.853,0.854,0.855,0.856,0.860269231,0.863021978,0.865774725,0.868527473,0.87128022,0.874032967,0.876785714,0.879538462,0.882291209,0.885043956,0.887796703,0.890549451,0.893302198
 Romania,0.701,0.686,0.678,0.678,0.681,0.687,0.695,0.696,0.698,0.704,0.709,0.715,0.724,0.734,0.746,0.755,0.767,0.781,0.795,0.798,0.797,0.798,0.795,0.8,0.802,0.805,0.807,0.811,0.818346154,0.821945055,0.825543956,0.829142857,0.832741758,0.836340659,0.83993956,0.843538462,0.847137363,0.850736264,0.854335165,0.857934066,0.861532967
 Russian Federation,0.734,0.729,0.718,0.71,0.702,0.7,0.701,0.704,0.703,0.709,0.72,0.727,0.732,0.74,0.746,0.752,0.759,0.767,0.774,0.771,0.78,0.789,0.798,0.804,0.807,0.813,0.815,0.816,0.827730769,0.833395604,0.83906044,0.844725275,0.85039011,0.856054945,0.86171978,0.867384615,0.873049451,0.878714286,0.884379121,0.890043956,0.895708791
 Rwanda,0.25,0.227,0.213,0.209,0.199,0.234,0.262,0.288,0.302,0.32,0.335,0.345,0.361,0.374,0.391,0.408,0.429,0.445,0.455,0.47,0.485,0.493,0.5,0.503,0.509,0.51,0.52,0.524,0.544461538,0.553549451,0.562637363,0.571725275,0.580813187,0.589901099,0.598989011,0.608076923,0.617164835,0.626252747,0.635340659,0.644428571,0.653516484
 Saint Kitts and Nevis,,,,,,,,,,,,,,,,0.727,0.73,0.733,0.738,0.74,0.745,0.751,0.756,0.763,0.77,0.773,0.774,0.778,0.784423077,0.789032967,0.793642857,0.798252747,0.802862637,0.807472527,0.812082418,0.816692308,0.821302198,0.825912088,0.830521978,0.835131868,0.839741758
 Saint Lucia,,,,,,,,,,,0.69,0.687,0.689,0.692,0.695,0.7,0.711,0.713,0.719,0.724,0.731,0.734,0.73,0.733,0.737,0.744,0.745,0.747,0.753192308,0.756747253,0.760302198,0.763857143,0.767412088,0.770967033,0.774521978,0.778076923,0.781631868,0.785186813,0.788741758,0.792296703,0.795851648
 Saint Vincent and the Grenadines,,,,,,,,,,,0.673,0.677,0.682,0.689,0.692,0.697,0.704,0.709,0.71,0.713,0.715,0.717,0.718,0.721,0.72,0.72,0.721,0.723,0.727307692,0.729142857,0.730978022,0.732813187,0.734648352,0.736483516,0.738318681,0.740153846,0.741989011,0.743824176,0.745659341,0.747494505,0.74932967
 Samoa,0.62,0.622,0.624,0.63,0.611,0.618,0.628,0.63,0.636,0.642,0.647,0.654,0.659,0.663,0.669,0.673,0.675,0.681,0.685,0.687,0.693,0.697,0.697,0.7,0.703,0.706,0.711,0.713,0.717153846,0.720472527,0.723791209,0.72710989,0.730428571,0.733747253,0.737065934,0.740384615,0.743703297,0.747021978,0.750340659,0.753659341,0.756978022
 Sao Tome and Principe,0.453,0.455,0.458,0.462,0.466,0.469,0.474,0.477,0.481,0.486,0.49,0.496,0.499,0.505,0.51,0.517,0.526,0.53,0.53,0.538,0.542,0.548,0.551,0.56,0.567,0.58,0.584,0.589,0.592692308,0.598659341,0.604626374,0.610593407,0.61656044,0.622527473,0.628494505,0.634461538,0.640428571,0.646395604,0.652362637,0.65832967,0.664296703
 Saudi Arabia,0.697,0.706,0.711,0.714,0.718,0.722,0.727,0.731,0.736,0.738,0.743,0.746,0.748,0.756,0.765,0.77,0.777,0.783,0.791,0.796,0.808,0.823,0.835,0.844,0.852,0.854,0.854,0.853,0.875115385,0.883208791,0.891302198,0.899395604,0.907489011,0.915582418,0.923675824,0.931769231,0.939862637,0.947956044,0.956049451,0.964142857,0.972236264
 Senegal,0.367,0.367,0.368,0.367,0.366,0.368,0.369,0.37,0.373,0.375,0.38,0.395,0.4,0.407,0.415,0.422,0.427,0.436,0.445,0.449,0.456,0.467,0.476,0.481,0.486,0.492,0.499,0.505,0.514269231,0.521351648,0.528434066,0.535516484,0.542598901,0.549681319,0.556763736,0.563846154,0.570928571,0.578010989,0.585093407,0.592175824,0.599258242
 Seychelles,,,,,,,,,,,0.718,0.714,0.716,0.717,0.715,0.73,0.72,0.741,0.741,0.741,0.747,0.741,0.77,0.779,0.786,0.791,0.793,0.797,0.805961538,0.81256044,0.819159341,0.825758242,0.832357143,0.838956044,0.845554945,0.852153846,0.858752747,0.865351648,0.871950549,0.878549451,0.885148352
 Sierra Leone,0.275,0.267,0.264,0.269,0.271,0.274,0.269,0.268,0.272,0.276,0.284,0.299,0.315,0.325,0.334,0.342,0.35,0.363,0.373,0.381,0.385,0.392,0.407,0.419,0.423,0.413,0.413,0.419,0.437884615,0.444615385,0.451346154,0.458076923,0.464807692,0.471538462,0.478269231,0.485,0.491730769,0.498461538,0.505192308,0.511923077,0.518653846
 Singapore,0.718,0.729,0.74,0.751,0.763,0.773,0.782,0.793,0.798,0.809,0.819,0.822,0.83,0.838,0.845,0.868,0.871,0.878,0.883,0.884,0.909,0.914,0.92,0.923,0.928,0.929,0.93,0.932,0.947884615,0.953967033,0.960049451,0.966131868,0.972214286,0.978296703,0.984379121,0.990461538,0.996543956,1.002626374,1.008708791,1.014791209,1.020873626
 Slovakia,0.739,0.734,0.733,0.737,0.743,0.751,0.754,0.757,0.763,0.762,0.764,0.764,0.771,0.777,0.785,0.794,0.803,0.814,0.822,0.824,0.829,0.837,0.842,0.844,0.845,0.851,0.853,0.855,0.865846154,0.870714286,0.875582418,0.880450549,0.885318681,0.890186813,0.895054945,0.899923077,0.904791209,0.909659341,0.914527473,0.919395604,0.924263736
 Slovenia,0.767,0.765,0.766,0.769,0.775,0.782,0.788,0.796,0.805,0.819,0.825,0.835,0.843,0.85,0.857,0.861,0.869,0.873,0.878,0.878,0.882,0.884,0.877,0.885,0.887,0.889,0.894,0.896,0.897730769,0.900120879,0.902510989,0.904901099,0.907291209,0.909681319,0.912071429,0.914461538,0.916851648,0.919241758,0.921631868,0.924021978,0.926412088
 Solomon Islands,,,,,,,,,,0.463,0.45,0.455,0.462,0.469,0.477,0.487,0.497,0.505,0.504,0.497,0.507,0.514,0.529,0.539,0.539,0.546,0.543,0.546,0.556346154,0.561615385,0.566884615,0.572153846,0.577423077,0.582692308,0.587961538,0.593230769,0.5985,0.603769231,0.609038462,0.614307692,0.619576923
 South Africa,0.618,0.626,0.635,0.641,0.645,0.649,0.647,0.644,0.639,0.634,0.63,0.61,0.617,0.615,0.613,0.614,0.616,0.621,0.633,0.642,0.649,0.657,0.664,0.675,0.685,0.692,0.696,0.699,0.712192308,0.720054945,0.727917582,0.73578022,0.743642857,0.751505495,0.759368132,0.767230769,0.775093407,0.782956044,0.790818681,0.798681319,0.806543956
 South Sudan,,,,,,,,,,,,,,,,,,,,,0.413,0.416,0.388,0.392,0.397,0.399,0.394,0.388,,,,,,0.385142857,0.382202381,0.379261905,0.376321429,0.373380952,0.370440476,0.3675,0.364559524
 Spain,0.754,0.764,0.772,0.782,0.791,0.8,0.806,0.81,0.814,0.819,0.825,0.828,0.83,0.833,0.837,0.844,0.848,0.853,0.856,0.858,0.865,0.87,0.873,0.875,0.88,0.885,0.889,0.891,0.896269231,0.900274725,0.90428022,0.908285714,0.912291209,0.916296703,0.920302198,0.924307692,0.928313187,0.932318681,0.936324176,0.94032967,0.944335165
 Sri Lanka,0.625,0.63,0.635,0.637,0.646,0.65,0.655,0.662,0.668,0.676,0.685,0.691,0.697,0.705,0.711,0.718,0.724,0.73,0.738,0.74,0.745,0.751,0.757,0.759,0.763,0.766,0.768,0.77,0.779192308,0.783593407,0.787994505,0.792395604,0.796796703,0.801197802,0.805598901,0.81,0.814401099,0.818802198,0.823203297,0.827604396,0.832005495
 Sudan,0.331,0.336,0.345,0.352,0.359,0.366,0.375,0.384,0.39,0.396,0.402,0.408,0.414,0.42,0.429,0.436,0.446,0.451,0.463,0.468,0.47,0.474,0.485,0.475,0.492,0.497,0.499,0.502,0.510653846,0.515934066,0.521214286,0.526494505,0.531774725,0.537054945,0.542335165,0.547615385,0.552895604,0.558175824,0.563456044,0.568736264,0.574016484
 Suriname,,,,,,,,,,,,,,,0.671,0.676,0.681,0.687,0.691,0.677,0.703,0.706,0.711,0.715,0.718,0.722,0.719,0.72,0.731192308,0.735362637,0.739532967,0.743703297,0.747873626,0.752043956,0.756214286,0.760384615,0.764554945,0.768725275,0.772895604,0.777065934,0.781236264
 Sweden,0.816,0.818,0.821,0.84,0.849,0.856,0.863,0.874,0.888,0.893,0.897,0.9,0.902,0.908,0.896,0.899,0.902,0.905,0.901,0.899,0.905,0.906,0.908,0.912,0.92,0.929,0.932,0.933,0.932230769,0.935175824,0.938120879,0.941065934,0.944010989,0.946956044,0.949901099,0.952846154,0.955791209,0.958736264,0.961681319,0.964626374,0.967571429
 Switzerland,0.832,0.834,0.836,0.841,0.844,0.848,0.854,0.864,0.873,0.881,0.889,0.891,0.891,0.896,0.901,0.905,0.912,0.915,0.917,0.927,0.932,0.932,0.935,0.938,0.939,0.942,0.943,0.944,0.951923077,0.955153846,0.958384615,0.961615385,0.964846154,0.968076923,0.971307692,0.974538462,0.977769231,0.981,0.984230769,0.987461538,0.990692308
 Syrian Arab Republic,,0.562,0.568,0.571,0.576,0.579,0.583,0.587,0.59,0.589,0.59,0.597,0.6,0.61,0.623,0.635,0.643,0.649,0.646,0.648,0.644,0.642,0.631,0.572,0.55,0.538,0.536,0.536,0.527461538,0.51632967,0.505197802,0.494065934,0.482934066,0.471802198,0.46067033,0.449538462,0.438406593,0.427274725,0.416142857,0.405010989,0.393879121
 Tajikistan,0.623,0.618,0.597,0.579,0.558,0.55,0.534,0.538,0.541,0.544,0.55,0.558,0.568,0.578,0.587,0.593,0.599,0.604,0.618,0.62,0.634,0.637,0.642,0.646,0.645,0.645,0.647,0.65,0.663346154,0.66821978,0.673093407,0.677967033,0.682840659,0.687714286,0.692587912,0.697461538,0.702335165,0.707208791,0.712082418,0.716956044,0.72182967
 Thailand,0.574,0.583,0.589,0.597,0.604,0.611,0.619,0.625,0.63,0.64,0.649,0.657,0.666,0.674,0.683,0.693,0.699,0.71,0.714,0.718,0.724,0.727,0.731,0.728,0.735,0.741,0.748,0.755,0.756807692,0.761373626,0.76593956,0.770505495,0.775071429,0.779637363,0.784203297,0.788769231,0.793335165,0.797901099,0.802467033,0.807032967,0.811598901
 Togo,0.405,0.408,0.399,0.39,0.396,0.409,0.417,0.424,0.423,0.424,0.425,0.426,0.427,0.431,0.434,0.436,0.443,0.441,0.44,0.449,0.456,0.463,0.466,0.472,0.481,0.495,0.5,0.503,0.506615385,0.51256044,0.518505495,0.524450549,0.530395604,0.536340659,0.542285714,0.548230769,0.554175824,0.560120879,0.566065934,0.572010989,0.577956044
 Tonga,0.648,0.654,0.656,0.66,0.668,0.671,0.671,0.671,0.674,0.676,0.673,0.677,0.683,0.692,0.693,0.693,0.695,0.698,0.702,0.706,0.712,0.716,0.717,0.716,0.717,0.721,0.724,0.726,0.730423077,0.733197802,0.735972527,0.738747253,0.741521978,0.744296703,0.747071429,0.749846154,0.752620879,0.755395604,0.75817033,0.760945055,0.76371978
 Trinidad and Tobago,0.672,0.673,0.673,0.675,0.679,0.683,0.69,0.697,0.704,0.711,0.716,0.721,0.728,0.737,0.746,0.752,0.757,0.768,0.773,0.772,0.775,0.773,0.774,0.779,0.779,0.783,0.785,0.784,0.789653846,0.791978022,0.794302198,0.796626374,0.798950549,0.801274725,0.803598901,0.805923077,0.808247253,0.810571429,0.812895604,0.81521978,0.817543956
 Tunisia,0.569,0.575,0.583,0.589,0.6,0.607,0.616,0.623,0.634,0.645,0.653,0.661,0.666,0.673,0.682,0.689,0.695,0.701,0.707,0.71,0.716,0.718,0.719,0.723,0.725,0.728,0.732,0.735,0.740307692,0.74389011,0.747472527,0.751054945,0.754637363,0.75821978,0.761802198,0.765384615,0.768967033,0.772549451,0.776131868,0.779714286,0.783296703
 Turkey,0.579,0.583,0.589,0.597,0.599,0.607,0.615,0.624,0.635,0.643,0.655,0.662,0.672,0.679,0.685,0.69,0.701,0.708,0.71,0.718,0.734,0.753,0.76,0.771,0.778,0.783,0.787,0.791,0.809230769,0.818417582,0.827604396,0.836791209,0.845978022,0.855164835,0.864351648,0.873538462,0.882725275,0.891912088,0.901098901,0.910285714,0.919472527
 Turkmenistan,,,,,,,,,,,,,,,,,,,,,0.673,0.68,0.686,0.692,0.697,0.701,0.705,0.706,,,,,,0.71425,0.719083333,0.723916667,0.72875,0.733583333,0.738416667,0.74325,0.748083333
 Uganda,0.311,0.311,0.305,0.312,0.315,0.321,0.338,0.353,0.368,0.384,0.398,0.406,0.421,0.43,0.43,0.437,0.449,0.459,0.47,0.477,0.486,0.49,0.492,0.496,0.5,0.505,0.508,0.516,0.525269231,0.531241758,0.537214286,0.543186813,0.549159341,0.555131868,0.561104396,0.567076923,0.573049451,0.579021978,0.584994505,0.590967033,
 Ukraine,0.705,0.701,0.692,0.681,0.668,0.664,0.661,0.663,0.665,0.667,0.671,0.681,0.689,0.699,0.706,0.715,0.721,0.729,0.733,0.727,0.733,0.738,0.743,0.745,0.748,0.743,0.746,0.751,0.755076923,0.757758242,0.76043956,0.763120879,0.765802198,0.768483516,0.771164835,0.773846154,0.776527473,0.779208791,0.78189011,0.784571429,
 United Arab Emirates,0.727,0.738,0.742,0.748,0.756,0.764,0.771,0.778,0.785,0.791,0.798,0.803,0.808,0.813,0.818,0.825,0.83,0.835,0.838,0.835,0.836,0.841,0.846,0.851,0.855,0.86,0.862,0.863,0.866730769,0.869923077,0.873115385,0.876307692,0.8795,0.882692308,0.885884615,0.889076923,0.892269231,0.895461538,0.898653846,0.901846154,
 United Kingdom,0.775,0.788,0.801,0.814,0.827,0.839,0.844,0.849,0.855,0.861,0.867,0.871,0.874,0.878,0.886,0.891,0.889,0.892,0.896,0.899,0.905,0.899,0.898,0.915,0.919,0.918,0.92,0.922,0.925576923,0.928538462,0.9315,0.934461538,0.937423077,0.940384615,0.943346154,0.946307692,0.949269231,0.952230769,0.955192308,0.958153846,
 United States,0.86,0.861,0.867,0.871,0.875,0.877,0.879,0.881,0.884,0.885,0.885,0.887,0.889,0.893,0.895,0.898,0.901,0.905,0.91,0.91,0.914,0.917,0.918,0.916,0.918,0.92,0.922,0.924,0.927192308,0.929175824,0.931159341,0.933142857,0.935126374,0.93710989,0.939093407,0.941076923,0.94306044,0.945043956,0.947027473,0.949010989,
 Uruguay,0.692,0.697,0.7,0.703,0.709,0.711,0.717,0.727,0.735,0.737,0.742,0.746,0.747,0.75,0.754,0.756,0.761,0.762,0.766,0.778,0.773,0.782,0.79,0.797,0.801,0.8,0.802,0.804,0.813423077,0.817846154,0.822269231,0.826692308,0.831115385,0.835538462,0.839961538,0.844384615,0.848807692,0.853230769,0.857653846,0.862076923,
 Uzbekistan,,,,,,,,,,,0.595,0.602,0.609,0.614,0.621,0.628,0.634,0.646,0.653,0.659,0.666,0.674,0.683,0.69,0.695,0.698,0.703,0.71,0.720307692,0.727175824,0.734043956,0.740912088,0.74778022,0.754648352,0.761516484,0.768384615,0.775252747,0.782120879,0.788989011,0.795857143,
 Vanuatu,,,,,,,,,,,,,,,,0.572,0.579,0.582,0.589,0.59,0.591,0.592,0.592,0.597,0.598,0.599,0.6,0.603,0.6065,0.608703297,0.610906593,0.61310989,0.615313187,0.617516484,0.61971978,0.621923077,0.624126374,0.62632967,0.628532967,0.630736264,
 Venezuela (Bolivarian Republic of),0.634,0.644,0.651,0.653,0.654,0.658,0.66,0.664,0.667,0.67,0.672,0.68,0.688,0.687,0.7,0.714,0.727,0.744,0.753,0.753,0.759,0.771,0.774,0.776,0.778,0.775,0.766,0.761,0.786115385,0.790164835,0.794214286,0.798263736,0.802313187,0.806362637,0.810412088,0.814461538,0.818510989,0.82256044,0.82660989,0.830659341,
 Viet Nam,0.475,0.484,0.496,0.506,0.517,0.529,0.54,0.539,0.559,0.567,0.579,0.587,0.595,0.603,0.612,0.616,0.624,0.632,0.64,0.656,0.654,0.664,0.67,0.675,0.678,0.684,0.689,0.694,0.704653846,0.711076923,0.7175,0.723923077,0.730346154,0.736769231,0.743192308,0.749615385,0.756038462,0.762461538,0.768884615,0.775307692,
 Yemen,0.399,0.403,0.405,0.408,0.409,0.415,0.422,0.427,0.431,0.434,0.443,0.45,0.456,0.463,0.469,0.474,0.479,0.482,0.485,0.491,0.498,0.499,0.505,0.507,0.505,0.483,0.462,0.452,0.481923077,0.481296703,0.48067033,0.480043956,0.479417582,0.478791209,0.478164835,0.477538462,0.476912088,0.476285714,0.475659341,0.475032967,
 Zambia,0.401,0.402,0.403,0.409,0.408,0.412,0.416,0.419,0.42,0.426,0.432,0.44,0.449,0.46,0.469,0.48,0.492,0.503,0.517,0.533,0.544,0.556,0.569,0.574,0.58,0.583,0.586,0.588,0.613230769,0.622758242,0.632285714,0.641813187,0.651340659,0.660868132,0.670395604,0.679923077,0.689450549,0.698978022,0.708505495,0.718032967,
 Zimbabwe,0.491,0.494,0.481,0.476,0.473,0.467,0.466,0.459,0.453,0.448,0.44,0.442,0.435,0.428,0.428,0.43,0.435,0.442,0.439,0.45,0.467,0.478,0.505,0.516,0.525,0.529,0.532,0.535,0.556038462,0.566428571,0.576818681,0.587208791,0.597598901,0.607989011,0.618379121,0.628769231,0.639159341,0.649549451,0.65993956,0.67032967,
